"Protein","Degree","Betweenness","Closeness","Eigenvector","ClusteringCoeff"
"9606.ENSP00000000412",36,0.000470932101670901,0.390024038461538,0.0325119186555302,0.516339869281046
"9606.ENSP00000005257",38,0.00052842556249711,0.423905943827564,0.048562771362473,0.368421052631579
"9606.ENSP00000007722",54,0.00155817423426648,0.410759493670886,0.0418644140777266,0.361823361823362
"9606.ENSP00000014914",8,1.28847422310581e-05,0.393810679611651,0.0260997787534927,0.666666666666667
"9606.ENSP00000054666",48,0.00117516306044131,0.383796570076878,0.020493254198508,0.318840579710145
"9606.ENSP00000078429",44,0.000649588067368184,0.389088729016787,0.0275130347543359,0.645021645021645
"9606.ENSP00000167586",32,0.00206828731068188,0.406896551724138,0.0399486002822547,0.458333333333333
"9606.ENSP00000168216",40,0.0034670631690954,0.399630541871921,0.0687491995018357,0.205263157894737
"9606.ENSP00000169298",10,5.15571330196268e-05,0.344297082228117,0.0121753951268759,0.1
"9606.ENSP00000175091",6,1.10278360548876e-05,0.333847736625514,0.00536600074691314,0
"9606.ENSP00000184266",74,7.02335350421015e-05,0.371281464530892,0.060786553541973,0.92042042042042
"9606.ENSP00000203407",140,0.00291871893289392,0.430942895086321,0.152741975486151,0.527536231884058
"9606.ENSP00000204961",28,0.000169659406049947,0.377106333527019,0.018234961669873,0.428571428571429
"9606.ENSP00000205557",4,0,0.297297297297297,0.000689523366227127,1
"9606.ENSP00000215565",110,0.00202687463339602,0.39214501510574,0.0820991501027263,0.588552188552188
"9606.ENSP00000215882",24,0.00360212439795498,0.359556786703601,0.0126754879850521,0.212121212121212
"9606.ENSP00000215909",20,0.00373418745201083,0.372774267662263,0.0174174928474033,0.4
"9606.ENSP00000216034",82,0.00214639534691017,0.418170103092784,0.109620476556713,0.504878048780488
"9606.ENSP00000216121",6,9.33442468088603e-07,0.350621285791464,0.0124401325917628,0.666666666666667
"9606.ENSP00000216181",96,0.00352598345459529,0.444825222755312,0.113748460051547,0.324468085106383
"9606.ENSP00000216190",134,0.000422069127464353,0.422251138581653,0.671458893678937,0.788331071913161
"9606.ENSP00000216714",60,0.00083552805594047,0.438513513513514,0.212440354106503,0.501149425287356
"9606.ENSP00000216968",6,7.42302349089892e-06,0.331460674157303,0.00274392626445999,0.666666666666667
"9606.ENSP00000217182",130,0.00212829958041639,0.454481792717087,0.614777413290431,0.667307692307692
"9606.ENSP00000217971",18,0.000657779947700714,0.391908212560386,0.0173609536886791,0.25
"9606.ENSP00000218340",2,0,0.30284647690154,0.00458878494936961,NA
"9606.ENSP00000220597",16,0.000517653291718315,0.359357696566999,0.00777273950285386,0.285714285714286
"9606.ENSP00000220764",22,0.000278770258628562,0.355032822757112,0.0116916635782377,0.618181818181818
"9606.ENSP00000221132",12,6.16249393089169e-05,0.402855369335816,0.0386742817225883,0.6
"9606.ENSP00000221419",118,0.00171909257434079,0.438810006761325,0.424775924987899,0.503798947983635
"9606.ENSP00000221801",194,0.00267845479646204,0.461593172119488,0.824677379798873,0.542740549828179
"9606.ENSP00000222247",168,0.00107329700417485,0.436155913978495,0.785700704712019,0.679575444635686
"9606.ENSP00000222693",32,0.00223226348646526,0.409981048641819,0.0435324085917541,0.325
"9606.ENSP00000223127",16,0.000378877595870859,0.353871319520174,0.0245472945611522,0.142857142857143
"9606.ENSP00000223641",124,0.00575674362361004,0.446048109965636,0.406540700579487,0.386567953463776
"9606.ENSP00000224807",12,0.00366309473069848,0.335400516795866,0.00573955869773135,0.2
"9606.ENSP00000225665",48,0.000182355091257063,0.372133027522936,0.0465306586538269,0.768115942028986
"9606.ENSP00000225792",114,0.00261435691434392,0.414696485623003,0.374144554523088,0.449248120300752
"9606.ENSP00000225972",6,2.00454346433916e-06,0.30284647690154,0.00273525897375632,0.333333333333333
"9606.ENSP00000227524",102,0.0025331757410132,0.413375796178344,0.337448947827412,0.454117647058824
"9606.ENSP00000228318",122,0.00454834370717608,0.446662078458362,0.172480201147827,0.418579234972678
"9606.ENSP00000228506",26,0.000389805105070634,0.355227148330597,0.0185829756589913,0.692307692307692
"9606.ENSP00000229239",400,0.0698950170111079,0.57080035180299,0.92091215003935,0.187638190954774
"9606.ENSP00000229264",56,0.00183625125080831,0.392619479733817,0.0751530761160949,0.478835978835979
"9606.ENSP00000229340",18,8.32310376470592e-05,0.361157484696717,0.0204884174464336,0.388888888888889
"9606.ENSP00000230050",160,0.00175010707965981,0.440896739130435,0.776205875259217,0.734177215189873
"9606.ENSP00000231061",24,0.00018383238136964,0.396941896024465,0.0350416573998282,0.545454545454545
"9606.ENSP00000231887",44,0.0021703027059526,0.391671695835848,0.0235557572510321,0.350649350649351
"9606.ENSP00000233616",34,0.000163803706303854,0.366873940079141,0.02981483558068,0.720588235294118
"9606.ENSP00000233627",114,0.000657137604642236,0.396214896214896,0.103636624810869,0.644110275689223
"9606.ENSP00000234396",30,0.00214968467709787,0.394289185905225,0.0179092546006072,0.514285714285714
"9606.ENSP00000234590",172,0.00988008247855261,0.490922844175492,0.510200145744736,0.345554035567715
"9606.ENSP00000234831",2,0,0.270191507077435,0.000176069961739298,NA
"9606.ENSP00000236671",70,0.0043477936450857,0.440896739130435,0.0915314321992907,0.317647058823529
"9606.ENSP00000237530",54,0.000359842039014622,0.384478672985782,0.0583216922438521,0.603988603988604
"9606.ENSP00000237889",84,9.30554356059408e-05,0.368959636156907,0.0672411523263891,0.849012775842044
"9606.ENSP00000241052",122,0.0192952148706179,0.471314451706609,0.159089547103752,0.219125683060109
"9606.ENSP00000241125",12,3.60857410810477e-05,0.343386243386243,0.0054515873656721,0.533333333333333
"9606.ENSP00000242108",6,0.000137523438747994,0.312921890067502,0.0071452527072963,0
"9606.ENSP00000242351",40,0.000371484919725248,0.376231884057971,0.10761368166374,0.326315789473684
"9606.ENSP00000243167",12,0.000246551676912808,0.348175965665236,0.0474519410599822,0.4
"9606.ENSP00000244763",54,0.000608919340031632,0.414431673052363,0.106899590764019,0.447293447293447
"9606.ENSP00000246792",28,0.000167068213792225,0.347430406852248,0.0121928682290026,0.395604395604396
"9606.ENSP00000246957",50,0.000286297655074845,0.424460431654676,0.172210097483192,0.556666666666667
"9606.ENSP00000247461",184,0.0181719763191941,0.493161094224924,0.244548166071164,0.218107978977544
"9606.ENSP00000248342",112,0.0023164871355865,0.408690176322418,0.552925970063859,0.809090909090909
"9606.ENSP00000248564",52,0.000820051495188039,0.386309523809524,0.0704500485632234,0.547692307692308
"9606.ENSP00000249071",82,0.00837246036157278,0.440597420230821,0.0731216228816705,0.246341463414634
"9606.ENSP00000249442",38,0.000168227783668278,0.367913832199546,0.0303956472055308,0.508771929824561
"9606.ENSP00000249647",50,0.00310904467846235,0.383796570076878,0.0201961820793435,0.22
"9606.ENSP00000250113",58,0.000485615566730329,0.386079714455681,0.167144788281829,0.485221674876847
"9606.ENSP00000250559",40,0.00122020309237302,0.405878674171357,0.0377095713089478,0.373684210526316
"9606.ENSP00000251047",62,0.00213516248805837,0.409722222222222,0.054194998369365,0.389247311827957
"9606.ENSP00000251453",214,0.00732874678606862,0.475806451612903,0.925079531229108,0.550696526185858
"9606.ENSP00000251643",4,3.19862563661887e-05,0.306565895134624,0.000977031714476618,0
"9606.ENSP00000251871",10,1.84522512623072e-05,0.335054207537429,0.0310050648648805,0.2
"9606.ENSP00000252102",98,0.000338213628150106,0.384478672985782,0.0815607977998069,0.772108843537415
"9606.ENSP00000252242",42,0.00330661422902889,0.411019632678911,0.0420091553903095,0.395238095238095
"9606.ENSP00000252244",22,0.00194755734831051,0.35896017699115,0.00699207428917002,0.363636363636364
"9606.ENSP00000252245",14,7.07254843624402e-05,0.303981264637002,0.00195585492930639,0.238095238095238
"9606.ENSP00000252699",86,0.0025206884960767,0.43733153638814,0.104434011666595,0.344407530454042
"9606.ENSP00000252999",30,0.00142266972596548,0.38243959929287,0.0271654264833073,0.523809523809524
"9606.ENSP00000253024",54,0.000515922504468561,0.386309523809524,0.149982853951843,0.299145299145299
"9606.ENSP00000253039",158,0.00321859075671477,0.434113712374582,0.776216241673882,0.741642323920805
"9606.ENSP00000253108",160,0.00101039526862437,0.442098092643052,0.769436460680551,0.709177215189873
"9606.ENSP00000253237",70,0.000329047325572577,0.400617283950617,0.316535712393859,0.652100840336134
"9606.ENSP00000253413",48,0.001691099353089,0.413112667091025,0.0363664157944395,0.318840579710145
"9606.ENSP00000253814",6,1.2393519660408e-05,0.324824824824825,0.00321130283774099,0.333333333333333
"9606.ENSP00000254043",16,6.86171053553816e-05,0.318137254901961,0.00414025965443844,0.392857142857143
"9606.ENSP00000254090",10,0.00311923383076373,0.309933142311366,0.00113102820609339,0.3
"9606.ENSP00000254624",2,0,0.271661783172876,0.000228975390376903,NA
"9606.ENSP00000254719",40,0.000505217389651297,0.381764705882353,0.0577929385315248,0.273684210526316
"9606.ENSP00000254810",24,0.000109958379694725,0.415227127319258,0.0546879781542073,0.5
"9606.ENSP00000255641",10,0,0.331122448979592,0.010649059703558,1
"9606.ENSP00000256078",150,0.0165779735421988,0.478260869565217,0.165662863486843,0.186306306306306
"9606.ENSP00000256196",24,0.000416117882151737,0.39742804654011,0.0239088461275228,0.5
"9606.ENSP00000256383",210,0.00364039621707638,0.480384900074019,0.90280502530098,0.536080586080586
"9606.ENSP00000256443",30,0.00238363990705709,0.392619479733817,0.0780031780546921,0.333333333333333
"9606.ENSP00000257192",28,0.00130133940080939,0.37256027554535,0.0159310485335987,0.373626373626374
"9606.ENSP00000257770",44,0.00481316081796849,0.414696485623003,0.0463827083267729,0.411255411255411
"9606.ENSP00000258301",34,0.00126421775842364,0.367705382436261,0.0127313562530167,0.514705882352941
"9606.ENSP00000258341",34,0.00156447346280924,0.396456933414783,0.0409673147675091,0.470588235294118
"9606.ENSP00000258424",98,0.000499010092025433,0.416292495189224,0.113460812211097,0.738945578231292
"9606.ENSP00000259037",94,0.00103073342382963,0.381764705882353,0.0748936435045415,0.765032377428307
"9606.ENSP00000259253",46,0.000478292266979865,0.372988505747126,0.043430437691342,0.557312252964427
"9606.ENSP00000259512",48,0.000328864410934017,0.402106567534077,0.0843487641094539,0.550724637681159
"9606.ENSP00000259746",4,3.09835553999131e-05,0.278540772532189,0.000279048529334734,0
"9606.ENSP00000260408",62,0.0025639916259814,0.438513513513514,0.0664926395898437,0.303225806451613
"9606.ENSP00000261407",10,0.000131786332509854,0.318449460255152,0.00178037944345591,0.2
"9606.ENSP00000261590",36,0.000491836738749792,0.392619479733817,0.0256514319997118,0.326797385620915
"9606.ENSP00000261600",10,0.000213862793069586,0.319547021171837,0.0105195858844837,0.6
"9606.ENSP00000261693",32,0.00453059675350869,0.417631917631918,0.0456856737851391,0.3
"9606.ENSP00000261714",26,0.00408755137266314,0.37514450867052,0.0343601485811911,0.230769230769231
"9606.ENSP00000261716",6,1.5596426881751e-05,0.31689453125,0.00209094264102094,0.333333333333333
"9606.ENSP00000261893",6,0.000258925353870937,0.318137254901961,0.00293879466747199,0
"9606.ENSP00000262030",234,0.0169564000185342,0.494287890327494,0.519650524701942,0.305481874447392
"9606.ENSP00000262213",30,0.000296832276764713,0.351380617217109,0.0212836167981946,0.476190476190476
"9606.ENSP00000262225",38,0.00123756127890965,0.377106333527019,0.0211330067454,0.309941520467836
"9606.ENSP00000262570",68,0.000727670203836955,0.394528875379939,0.0797319859113833,0.552584670231729
"9606.ENSP00000262623",34,0.00140373236721673,0.403105590062112,0.0292423278252324,0.316176470588235
"9606.ENSP00000262710",14,3.56071368399193e-06,0.339435146443515,0.0419329155695655,0.714285714285714
"9606.ENSP00000262746",102,0.00361764784499712,0.467579250720461,0.248893878156115,0.377254901960784
"9606.ENSP00000263093",14,0.000158899069540712,0.322084367245658,0.00250987925455849,0.285714285714286
"9606.ENSP00000263354",36,0.000706756052829236,0.367913832199546,0.013989919533647,0.398692810457516
"9606.ENSP00000263645",74,0.00329022734912093,0.442098092643052,0.0982058000546176,0.376876876876877
"9606.ENSP00000263650",10,9.9736716614112e-05,0.336618257261411,0.00325047912198637,0.2
"9606.ENSP00000263774",124,0.00143915333959249,0.422801302931596,0.119771921644824,0.629296668429402
"9606.ENSP00000263817",16,0.000533994064853986,0.345396487493348,0.0048559241112339,0.25
"9606.ENSP00000263857",78,0.00224671896538647,0.416827231856134,0.318444517202544,0.520917678812416
"9606.ENSP00000264039",38,0.00130086957744565,0.37514450867052,0.0196760698858674,0.444444444444444
"9606.ENSP00000264071",56,0.00143780831020246,0.439404197698037,0.151707421929883,0.457671957671958
"9606.ENSP00000264167",6,6.83588003370861e-05,0.307146237576905,0.000812585415756377,0.333333333333333
"9606.ENSP00000264335",110,0.0049781955308267,0.464234620886981,0.283845815695643,0.378451178451178
"9606.ENSP00000264613",16,0.000392889392293151,0.37514450867052,0.0170563065183088,0.142857142857143
"9606.ENSP00000264663",14,0.000148817088498775,0.328607594936709,0.00598196531205707,0.142857142857143
"9606.ENSP00000264710",42,0.000906044057204866,0.417095115681234,0.0624698372989467,0.271428571428571
"9606.ENSP00000264930",4,0,0.240459429418303,1.87729989798749e-05,1
"9606.ENSP00000264932",168,0.00848244618538408,0.459631728045326,0.258826903006089,0.39328743545611
"9606.ENSP00000264951",138,0.00270447038879203,0.43970189701897,0.546820690436142,0.492753623188406
"9606.ENSP00000265056",36,0.000263899334228065,0.407407407407407,0.0795277070367699,0.359477124183007
"9606.ENSP00000265062",102,0.008475651831434,0.465566714490674,0.136244557147993,0.276078431372549
"9606.ENSP00000265069",16,1.89625441371439e-06,0.340325117986366,0.0558543807457951,0.821428571428571
"9606.ENSP00000265097",12,0.000178064101552917,0.347616497054097,0.0228557171545237,0.466666666666667
"9606.ENSP00000265132",10,0.000135976261223378,0.333847736625514,0.00375041594653399,0.1
"9606.ENSP00000265333",174,0.012156797558372,0.48181143281366,0.223388760414735,0.310077519379845
"9606.ENSP00000265371",38,0.00100058610874857,0.418709677419355,0.0634737996135854,0.391812865497076
"9606.ENSP00000265686",34,0.000477634834059069,0.404613466334165,0.0284664343442409,0.448529411764706
"9606.ENSP00000266544",128,0.0024615193997014,0.432378414390406,0.128103119014743,0.588293650793651
"9606.ENSP00000266732",32,0.000709097410788162,0.387925881649731,0.0557738915245339,0.225
"9606.ENSP00000267512",14,0.000136375597898751,0.378425655976676,0.0214551801791574,0.0476190476190476
"9606.ENSP00000267842",26,0.000303397002895751,0.356789444749863,0.00967878849843163,0.512820512820513
"9606.ENSP00000268150",24,0.000727970161523751,0.361559888579387,0.0165842442238882,0.318181818181818
"9606.ENSP00000268379",150,0.00596836199958411,0.452896022330775,0.208947407138288,0.488648648648649
"9606.ENSP00000268668",110,0.00252561839650684,0.402855369335816,0.105010315631706,0.618855218855219
"9606.ENSP00000269141",76,0.0019789009240362,0.427536231884058,0.0655991847848258,0.320056899004267
"9606.ENSP00000269349",168,0.00738903145069902,0.445741758241758,0.647340830279091,0.467297762478485
"9606.ENSP00000269576",18,0.00146172683005955,0.370857142857143,0.0140337945258125,0.416666666666667
"9606.ENSP00000270233",4,0,0.288829550511793,0.000818196916550346,1
"9606.ENSP00000272317",228,0.0126998003640635,0.493911719939117,0.852739669643036,0.412358329451949
"9606.ENSP00000272519",20,0.000839263423097408,0.390024038461538,0.0232158312441803,0.422222222222222
"9606.ENSP00000273047",70,0.00271425227817033,0.434986595174263,0.0668912138124572,0.339495798319328
"9606.ENSP00000273062",8,5.05739177080441e-05,0.347616497054097,0.0102614947929966,0
"9606.ENSP00000273398",62,0.00444875541448082,0.44391244870041,0.0788725693883148,0.309677419354839
"9606.ENSP00000273986",30,0.000818716394762999,0.38042203985932,0.0223555045744133,0.304761904761905
"9606.ENSP00000274192",12,0.000898046893286033,0.345580404685836,0.022944502504238,0.266666666666667
"9606.ENSP00000274276",2,0,0.349676724137931,0.00400554658965004,NA
"9606.ENSP00000274353",14,0.00041803143572619,0.335227272727273,0.00456845660974415,0.142857142857143
"9606.ENSP00000274853",10,1.28513427208548e-05,0.334191555097837,0.00795925541560553,0.6
"9606.ENSP00000275493",290,0.0716917099891375,0.537251655629139,0.304690294272804,0.126819923371647
"9606.ENSP00000275603",182,0.00378816170195581,0.473377097009482,0.745983532235354,0.488644688644689
"9606.ENSP00000276079",74,0.00119861932555877,0.425853018372703,0.21739990381565,0.527027027027027
"9606.ENSP00000276390",42,0.00154523351492437,0.418170103092784,0.0452628212383183,0.347619047619048
"9606.ENSP00000276431",28,0.00150706101207676,0.421702404158544,0.0808964434627423,0.318681318681319
"9606.ENSP00000276461",34,0.000293274943479324,0.404361370716511,0.0503680416098105,0.360294117647059
"9606.ENSP00000277165",22,0.000196244776915291,0.354257641921397,0.0653618158710642,0.545454545454545
"9606.ENSP00000277865",46,0.000995566753868166,0.407663316582915,0.0690255348709968,0.430830039525692
"9606.ENSP00000278572",226,0.00560766733876661,0.483246463142219,0.955017812699302,0.518489254108723
"9606.ENSP00000278671",22,7.3427131057348e-05,0.35310119695321,0.00989365907295254,0.6
"9606.ENSP00000280326",234,0.0058265717769741,0.483967188665175,0.922886257269052,0.44930739758326
"9606.ENSP00000280346",84,0.00159203344411959,0.414696485623003,0.0924363530539654,0.557491289198606
"9606.ENSP00000281031",86,0.000127896307263206,0.373847926267281,0.0687241289521491,0.842746400885936
"9606.ENSP00000281456",56,0.000612350703046535,0.402855369335816,0.100693040744466,0.58994708994709
"9606.ENSP00000281828",44,0.00162155794941973,0.36875,0.172168532766262,0.515151515151515
"9606.ENSP00000282561",72,0.00623151115609059,0.437921727395412,0.0725655525310726,0.223809523809524
"9606.ENSP00000284878",16,0.00139833363896615,0.386769964243147,0.0234478337884814,0.214285714285714
"9606.ENSP00000285381",8,0.000457773779050655,0.340503672612802,0.00699608783455105,0
"9606.ENSP00000286298",6,0.000719888345737026,0.331799591002045,0.0115345930067041,0.333333333333333
"9606.ENSP00000286548",68,0.00439109578777368,0.434986595174263,0.0685479677957095,0.390374331550802
"9606.ENSP00000286713",36,0.000604337197924846,0.414431673052363,0.0505437215629913,0.241830065359477
"9606.ENSP00000286788",188,0.00327796264983744,0.462910128388017,0.785158074815676,0.512010981468771
"9606.ENSP00000287169",20,0.00235585349971881,0.350431965442765,0.0145530612985676,0.0666666666666667
"9606.ENSP00000290158",160,0.00196939261293419,0.457042253521127,0.743365683107287,0.635126582278481
"9606.ENSP00000290949",38,0.000761972483749262,0.401112484548826,0.026005912679042,0.43859649122807
"9606.ENSP00000291842",8,4.7062529017674e-05,0.333676092544987,0.00910876090586754,0
"9606.ENSP00000292385",44,0.000721596538111902,0.384934756820878,0.0305981739700508,0.398268398268398
"9606.ENSP00000293831",226,0.00725982265315926,0.476855253490081,0.931423306051358,0.495575221238938
"9606.ENSP00000294785",26,0.000200472131328443,0.369169510807736,0.0162357933369061,0.269230769230769
"9606.ENSP00000295822",86,0.000316851218180097,0.41363926067559,0.459053888380868,0.935769656699889
"9606.ENSP00000296129",8,1.47762680369876e-06,0.356397583745195,0.00684074785711325,0.833333333333333
"9606.ENSP00000296255",88,0.00205701572790159,0.417631917631918,0.20152173214279,0.366807610993657
"9606.ENSP00000296411",28,0.000298739079763927,0.357772877618523,0.122535962792989,0.593406593406593
"9606.ENSP00000296684",94,0.000239189544739067,0.379976580796253,0.0735579724737241,0.748381128584644
"9606.ENSP00000296930",186,0.00700553229109247,0.485415108451758,0.685060924370609,0.402290790088827
"9606.ENSP00000297185",236,0.0176559149958139,0.50703125,0.576740556991077,0.269737795161524
"9606.ENSP00000297313",24,1.10513323909766e-05,0.320335636722606,0.00832578685514632,0.924242424242424
"9606.ENSP00000298159",36,0.00101281468925565,0.387925881649731,0.0349165425717984,0.450980392156863
"9606.ENSP00000298316",70,0.00516782563202642,0.418439716312057,0.0486153266302176,0.25546218487395
"9606.ENSP00000298510",110,0.00414612128996944,0.44975744975745,0.170949360574292,0.441077441077441
"9606.ENSP00000299166",110,0.00198397096519501,0.437921727395412,0.126181893076445,0.644444444444444
"9606.ENSP00000299300",266,0.0115478776531278,0.499230769230769,0.96951246146276,0.3838004101162
"9606.ENSP00000299767",144,0.00756475889455794,0.484690067214339,0.319289802471776,0.347809076682316
"9606.ENSP00000300026",66,0.000715693553634874,0.43970189701897,0.186375113854399,0.482954545454545
"9606.ENSP00000300060",40,0.00126456576476559,0.410759493670886,0.0465894346023287,0.394736842105263
"9606.ENSP00000300289",150,0.0130875102983255,0.486142322097378,0.268421609882262,0.298738738738739
"9606.ENSP00000301072",68,0.000796120411422676,0.4364492266308,0.222694242111477,0.484848484848485
"9606.ENSP00000301457",84,0.000549797913716262,0.376450116009281,0.0677039528962304,0.828106852497096
"9606.ENSP00000301466",4,1.15031872663045e-05,0.296211775445002,0.000624757048456859,0
"9606.ENSP00000301522",72,0.00207911056002014,0.448204419889503,0.17723044565482,0.522222222222222
"9606.ENSP00000301656",12,9.45026040006435e-05,0.301579925650558,0.00175441203180419,0.2
"9606.ENSP00000301945",8,0.000103385184540472,0.352525801195003,0.00931334284456808,0.333333333333333
"9606.ENSP00000302886",176,0.00103581430589276,0.451321279554937,0.825074422524619,0.65491118077325
"9606.ENSP00000302896",182,0.00157853160838808,0.467916366258111,0.854282563070627,0.661782661782662
"9606.ENSP00000303145",68,0.00352063043240908,0.4102402022756,0.0725694162807111,0.358288770053476
"9606.ENSP00000303222",56,0.00347244136039324,0.375578703703704,0.0434635713620593,0.526455026455026
"9606.ENSP00000304236",20,0.000491836575547732,0.378425655976676,0.0217978693501152,0.2
"9606.ENSP00000304592",50,0.00490140886557316,0.4295168762409,0.0526995359552672,0.286666666666667
"9606.ENSP00000304669",62,0.00127834019209262,0.416292495189224,0.061107383232143,0.301075268817204
"9606.ENSP00000305255",30,0.00175009639934039,0.370222475755847,0.0104947486484501,0.466666666666667
"9606.ENSP00000305260",66,0.00218070289670479,0.404613466334165,0.105482411148783,0.393939393939394
"9606.ENSP00000305556",152,0.00234687375625817,0.44391244870041,0.641004742826633,0.563157894736842
"9606.ENSP00000305777",10,0,0.331122448979592,0.010649059703558,1
"9606.ENSP00000305790",70,0.00217667624516528,0.408176100628931,0.222135306953457,0.46890756302521
"9606.ENSP00000306330",88,0.00420166202626982,0.455758426966292,0.183887542937765,0.329809725158562
"9606.ENSP00000306397",134,0.00228285286909676,0.414961636828645,0.127637700245257,0.561736770691995
"9606.ENSP00000306887",40,0.000428893498649298,0.355811403508772,0.0282501483042752,0.515789473684211
"9606.ENSP00000307014",12,3.73954644179256e-05,0.30341280972417,0.00192788732734061,0.133333333333333
"9606.ENSP00000307241",90,0.00163823487252584,0.422526041666667,0.108588106854881,0.582828282828283
"9606.ENSP00000307275",10,0.000942637290776647,0.320335636722606,0.00300230700179043,0
"9606.ENSP00000307889",166,0.000613672067999621,0.452896022330775,0.820808177712463,0.743461651483985
"9606.ENSP00000307940",262,0.0116114658059359,0.504665629860031,1,0.416324133881386
"9606.ENSP00000308430",14,0.000334145399144464,0.334881320949432,0.0120121271884388,0.19047619047619
"9606.ENSP00000309334",168,0.000941399723363343,0.44,0.793367315503551,0.695926563396443
"9606.ENSP00000309968",30,0.000211413036292184,0.419250645994832,0.0526101290242288,0.504761904761905
"9606.ENSP00000312999",58,0.00446922036423084,0.407151819322459,0.0390624296479066,0.443349753694581
"9606.ENSP00000313007",212,0.00855174767982553,0.464234620886981,0.834847580200884,0.473674752920036
"9606.ENSP00000314030",52,0.00015570960209894,0.426973684210526,0.197018368060846,0.701538461538462
"9606.ENSP00000315006",6,0.000215685541000237,0.330784913353721,0.00357005896356828,0
"9606.ENSP00000315476",46,1.65621081633246e-05,0.372988505747126,0.222234584981848,0.83399209486166
"9606.ENSP00000315774",124,0.00373890365431883,0.413375796178344,0.1246869066066,0.54151242728715
"9606.ENSP00000316029",68,0.00144304742083468,0.414961636828645,0.0621669810939748,0.39572192513369
"9606.ENSP00000316042",68,0.000132424931206275,0.384478672985782,0.251051508680334,0.709447415329768
"9606.ENSP00000316176",42,0.000682187935607142,0.400864731315627,0.133615443066005,0.366666666666667
"9606.ENSP00000316905",18,0.0011706440435386,0.359955629506378,0.0179502737332301,0.333333333333333
"9606.ENSP00000317159",140,0.00318043048930134,0.425016371971185,0.142749392119038,0.51055900621118
"9606.ENSP00000317331",36,0.000388493122257731,0.395249695493301,0.0398351008063157,0.450980392156863
"9606.ENSP00000317334",214,0.00677136893869354,0.482169390787519,0.821536835882296,0.431669899488626
"9606.ENSP00000318297",196,0.00463079037993105,0.468253968253968,0.827233173581474,0.520513359983168
"9606.ENSP00000318646",162,0.00112036004641229,0.438513513513514,0.757356989520114,0.69537037037037
"9606.ENSP00000319060",24,0.000316755969031421,0.373417721518987,0.0201112299646486,0.166666666666667
"9606.ENSP00000319096",12,4.97610148191156e-05,0.342661034846885,0.00564825646864175,0.333333333333333
"9606.ENSP00000319482",2,0,0.27418673426278,0.000321058990072686,NA
"9606.ENSP00000319851",14,0.000426905137550538,0.334363730036064,0.00359830086922431,0.142857142857143
"9606.ENSP00000319992",16,2.30819687219306e-05,0.347802786709539,0.0133923096777544,0.785714285714286
"9606.ENSP00000320866",174,0.0148590245815937,0.488704819277108,0.29447690299494,0.236033146217589
"9606.ENSP00000320949",56,0.00112962642264016,0.411019632678911,0.168690550180938,0.462962962962963
"9606.ENSP00000321271",4,0,0.29784304726939,0.000491526425683688,1
"9606.ENSP00000321584",106,0.00277957001127375,0.431515957446808,0.467681720079561,0.574020319303338
"9606.ENSP00000321951",6,6.17739851721666e-05,0.362569832402235,0.0125756135672385,0
"9606.ENSP00000322419",166,0.00141844520346283,0.457042253521127,0.810728213011754,0.71466353217749
"9606.ENSP00000322450",116,0.00164368481065026,0.407663316582915,0.101824729383543,0.62129461584997
"9606.ENSP00000322730",2,0,0.289473684210526,0.000513525979660928,NA
"9606.ENSP00000323421",26,0.000272995787540667,0.359556786703601,0.0292561250823734,0.294871794871795
"9606.ENSP00000323568",30,0.00201771514519034,0.395009129640901,0.0348787671397681,0.266666666666667
"9606.ENSP00000323856",156,0.00819027965499747,0.452896022330775,0.55822536771701,0.407925407925408
"9606.ENSP00000323889",30,0.000287166949282324,0.370857142857143,0.0653076158454109,0.276190476190476
"9606.ENSP00000324173",230,0.0223241543909536,0.515898251192369,0.463981529368737,0.235087719298246
"9606.ENSP00000325136",72,0.00285226140823296,0.39742804654011,0.0528240211275068,0.376190476190476
"9606.ENSP00000326031",68,0.00260025514559597,0.435278336686787,0.168080400277743,0.322638146167558
"9606.ENSP00000326219",8,0,0.323207171314741,0.00259962685328365,1
"9606.ENSP00000326305",34,0.000457282532265657,0.349488422186322,0.0169853191685441,0.433823529411765
"9606.ENSP00000326366",70,0.00352450102025326,0.442399454669393,0.075744560813032,0.211764705882353
"9606.ENSP00000326531",10,1.62275793070976e-05,0.319389763779528,0.014867611870667,0.8
"9606.ENSP00000326699",52,0.000509997311317441,0.402605459057072,0.078743577072014,0.486153846153846
"9606.ENSP00000327070",122,0.00524823747231226,0.444520547945205,0.1632642329121,0.405464480874317
"9606.ENSP00000327145",40,0.000505293377725635,0.399138991389914,0.0508827383779237,0.305263157894737
"9606.ENSP00000327268",104,0.000780806883311975,0.404109589041096,0.106667551408632,0.697586726998492
"9606.ENSP00000327694",34,0.000535534110794387,0.401360544217687,0.0366272354417572,0.286764705882353
"9606.ENSP00000327801",134,0.00644080830837262,0.473377097009482,0.228192082718915,0.334237901402081
"9606.ENSP00000328729",10,0.000248350256162125,0.324337831084458,0.00476915392864678,0.1
"9606.ENSP00000329243",24,0.00146339916842946,0.390963855421687,0.0203462192721661,0.515151515151515
"9606.ENSP00000329757",50,0.00274100552318683,0.418709677419355,0.0647408864902993,0.34
"9606.ENSP00000330101",6,7.31513106219097e-06,0.297569922054104,0.000761050015450257,0
"9606.ENSP00000330696",14,2.3587981557756e-05,0.387231503579952,0.0201813118286084,0.571428571428571
"9606.ENSP00000330737",102,0.000936244827661518,0.396941896024465,0.0882619857096192,0.72156862745098
"9606.ENSP00000331901",240,0.00767456744144358,0.492412746585736,0.936347470681243,0.443977591036415
"9606.ENSP00000332706",22,0.000174595187463894,0.376013904982619,0.0466275293533797,0.418181818181818
"9606.ENSP00000333300",6,4.43798572774707e-05,0.306710775047259,0.00186524166833198,0.333333333333333
"9606.ENSP00000333769",64,0.00235395620918075,0.440896739130435,0.101457653909928,0.417338709677419
"9606.ENSP00000333926",4,2.99605505460058e-05,0.311869293608842,0.0013119718487831,0
"9606.ENSP00000333994",24,0.002043268642813,0.409981048641819,0.0841434585985319,0.484848484848485
"9606.ENSP00000334051",26,3.29340785261685e-05,0.330953595104538,0.0104668392191673,0.846153846153846
"9606.ENSP00000335153",346,0.0421415544369571,0.551401869158878,0.893914825635243,0.220728592552762
"9606.ENSP00000335304",82,0.00169664872836144,0.395249695493301,0.069894992749917,0.586585365853659
"9606.ENSP00000336741",124,0.00187553974115214,0.413112667091025,0.415077091779387,0.44420941300899
"9606.ENSP00000336799",70,0.000522174684580929,0.43970189701897,0.233175148203056,0.561344537815126
"9606.ENSP00000338235",4,1.26856110372651e-05,0.310972688068999,0.00305839864835106,0
"9606.ENSP00000338523",4,0,0.307874762808349,0.00243401536080963,1
"9606.ENSP00000339001",82,0.000647099355445838,0.457042253521127,0.24450340876834,0.542682926829268
"9606.ENSP00000339063",240,0.00488505504362984,0.492412746585736,0.9835183797352,0.481652661064426
"9606.ENSP00000339191",144,0.0179260370618408,0.485415108451758,0.172171421820769,0.230438184663537
"9606.ENSP00000339883",24,0.000600351553435702,0.379976580796253,0.0480010383154962,0.136363636363636
"9606.ENSP00000340329",66,0.000715694655018403,0.387231503579952,0.209829674214148,0.465909090909091
"9606.ENSP00000340466",44,0.00017263216502965,0.377106333527019,0.0458224466585653,0.658008658008658
"9606.ENSP00000340684",10,9.8370508546528e-06,0.327116935483871,0.0029110515346458,0.7
"9606.ENSP00000341141",10,4.40977125373196e-05,0.330111902339776,0.00368231039428284,0.1
"9606.ENSP00000341625",32,0.0017533243747107,0.390728476821192,0.0253699540789349,0.233333333333333
"9606.ENSP00000341779",94,0.00641707761580661,0.449134948096886,0.226168037406389,0.259944495837188
"9606.ENSP00000341826",228,0.0074809999312505,0.472343522561863,0.863604888500111,0.443098897686695
"9606.ENSP00000341885",210,0.00444683886549176,0.467579250720461,0.905786048008583,0.549267399267399
"9606.ENSP00000341911",2,0,0.251258226867983,7.54538959721819e-05,NA
"9606.ENSP00000342007",32,0.00231279065624096,0.381316098707403,0.0165639882779818,0.233333333333333
"9606.ENSP00000342262",24,4.43203649965424e-05,0.387925881649731,0.0703517922875976,0.560606060606061
"9606.ENSP00000342267",6,1.12480407850077e-05,0.334191555097837,0.0103240570877749,0
"9606.ENSP00000342793",34,0.00172742177187556,0.38885560215698,0.0283397717287591,0.220588235294118
"9606.ENSP00000343027",58,0.00174719824868807,0.39718482252142,0.0350563020744031,0.467980295566503
"9606.ENSP00000343657",22,9.77807270077907e-05,0.35310119695321,0.017260538675444,0.436363636363636
"9606.ENSP00000343966",16,1.81515841690508e-05,0.34284204965663,0.0500592146528602,0.714285714285714
"9606.ENSP00000345445",70,0.00294459234013028,0.412587412587413,0.103735993522585,0.473949579831933
"9606.ENSP00000345494",4,0.000377455520705272,0.350810810810811,0.00402029114392108,0
"9606.ENSP00000345656",56,0.00305233723216081,0.422801302931596,0.0424672161511786,0.248677248677249
"9606.ENSP00000345774",44,0.00984926575130323,0.418709677419355,0.031137374236595,0.168831168831169
"9606.ENSP00000345957",146,0.00296351418167918,0.433533734134937,0.703408713833422,0.73896499238965
"9606.ENSP00000346001",186,0.00103554132917349,0.4609375,0.877711792401739,0.666199158485273
"9606.ENSP00000346032",108,0.00355837793682156,0.464566929133858,0.18947143010951,0.350803633822502
"9606.ENSP00000346046",132,0.000354682379938524,0.431229235880399,0.651527746876169,0.797202797202797
"9606.ENSP00000346050",202,0.00288346393912627,0.474762253108998,0.900929876245953,0.584356435643564
"9606.ENSP00000346067",234,0.00830176450899454,0.488704819277108,0.969723348088597,0.493073975832597
"9606.ENSP00000346103",32,0.0021339704147416,0.416025641025641,0.0576674342193648,0.5
"9606.ENSP00000346206",18,4.15554843280046e-05,0.374927787406124,0.0292203861760119,0.805555555555556
"9606.ENSP00000346550",42,0.00178530754244019,0.430371352785146,0.0845698318859869,0.442857142857143
"9606.ENSP00000346694",168,0.00375632186936699,0.470289855072464,0.611874424790542,0.455823293172691
"9606.ENSP00000346762",68,0.00607727416639323,0.4102402022756,0.191676186765461,0.272727272727273
"9606.ENSP00000346954",2,0,0.326623049823855,0.00419747594012879,NA
"9606.ENSP00000347665",32,0.000567922069432524,0.377764842840512,0.0190484365364262,0.45
"9606.ENSP00000347672",8,6.65182554616919e-05,0.319075712881023,0.00242899633369735,0.166666666666667
"9606.ENSP00000347717",10,0.000261071675221869,0.31704934049829,0.00183778017622365,0.2
"9606.ENSP00000348429",36,0.0012403042159987,0.36399326977005,0.0102489822687215,0.431372549019608
"9606.ENSP00000348461",122,0.00629263671470626,0.448824343015214,0.115663817060066,0.257377049180328
"9606.ENSP00000348775",22,7.13640029330028e-05,0.339435146443515,0.00542197081089121,0.690909090909091
"9606.ENSP00000348886",62,0.00108919416659311,0.403606965174129,0.0769123812884654,0.518279569892473
"9606.ENSP00000349259",28,0.000243963131865379,0.360755975541968,0.0133197510756822,0.428571428571429
"9606.ENSP00000349320",10,2.47100427526198e-05,0.332309267793139,0.0100943893877238,0.6
"9606.ENSP00000349428",126,0.00154892507458314,0.435570469798658,0.523272872077847,0.612391193036354
"9606.ENSP00000349437",48,0.00293667062797011,0.409463722397476,0.0325764910467992,0.271739130434783
"9606.ENSP00000349446",20,0.000160699288922966,0.389322135572885,0.0286646326764704,0.377777777777778
"9606.ENSP00000349486",20,0.000803137012016822,0.386079714455681,0.0251520017315796,0.222222222222222
"9606.ENSP00000349748",66,0.000750660150023783,0.39214501510574,0.173815242325479,0.551136363636364
"9606.ENSP00000349960",398,0.0836429510363823,0.573828470380194,0.717581614579402,0.153697781838485
"9606.ENSP00000350170",92,0.00194011208045132,0.412063492063492,0.257154400200198,0.42512077294686
"9606.ENSP00000350199",24,0.000319613530780961,0.376887340301974,0.0210300431264124,0.348484848484849
"9606.ENSP00000350378",8,0.00112416148573243,0.328774062816616,0.00397850374814008,0.333333333333333
"9606.ENSP00000351035",2,0,0.236688548504741,1.48688233884497e-05,NA
"9606.ENSP00000351209",56,0.00141545926183672,0.423629242819843,0.0681658522013256,0.394179894179894
"9606.ENSP00000351777",162,0.00817304573584008,0.484328358208955,0.400100344439033,0.278395061728395
"9606.ENSP00000351811",26,0.00051815232640002,0.350810810810811,0.070380854650778,0.615384615384615
"9606.ENSP00000352257",62,0.00206367133065769,0.4295168762409,0.125161012150752,0.341935483870968
"9606.ENSP00000352516",46,0.00413636398920705,0.429801324503311,0.0895480014360861,0.241106719367589
"9606.ENSP00000352601",10,0.000136356903846201,0.318449460255152,0.00809062129010097,0.3
"9606.ENSP00000352834",36,0.000414791422708361,0.407407407407407,0.046939914643365,0.398692810457516
"9606.ENSP00000353224",112,0.00775860762556701,0.45930644019816,0.118207110391983,0.236363636363636
"9606.ENSP00000353408",64,0.000467519409422217,0.43733153638814,0.10098342250906,0.495967741935484
"9606.ENSP00000353590",54,0.000357435560213793,0.409205548549811,0.0640977092407934,0.481481481481482
"9606.ENSP00000353731",32,0.00192315846365368,0.401112484548826,0.0337940683232282,0.4
"9606.ENSP00000353904",10,0,0.331122448979592,0.010649059703558,1
"9606.ENSP00000354125",194,0.0017644034457368,0.458657243816254,0.874760535458599,0.609321305841924
"9606.ENSP00000354238",12,0.000435374646394737,0.330616403464086,0.00606733130241874,0.266666666666667
"9606.ENSP00000354346",124,0.00245238236543786,0.429801324503311,0.403553373923024,0.424114225277631
"9606.ENSP00000354468",12,6.49857944472712e-05,0.332649923116351,0.00670824757460876,0.2
"9606.ENSP00000354499",106,0.00179492106380598,0.43733153638814,0.17350068270759,0.624818577648766
"9606.ENSP00000354649",54,0.000688283432632774,0.38885560215698,0.0478824377531463,0.524216524216524
"9606.ENSP00000354687",96,0.00233706467436765,0.428665785997358,0.133522397004094,0.641843971631206
"9606.ENSP00000354721",4,0,0.240459429418303,1.87729989798715e-05,1
"9606.ENSP00000354739",170,0.000705594671247306,0.455758426966292,0.833491363880251,0.726330532212885
"9606.ENSP00000354813",84,0.000651621612141638,0.385850178359096,0.108492795839295,0.768873403019744
"9606.ENSP00000354876",120,0.00492597595491063,0.460610361958836,0.175381920969188,0.519209039548023
"9606.ENSP00000354947",28,0.000706185847213433,0.393333333333333,0.0496920185653107,0.43956043956044
"9606.ENSP00000354961",92,0.000769966353380401,0.398893669330055,0.129391520878935,0.706280193236715
"9606.ENSP00000355011",150,0.00320355892864764,0.442701227830832,0.566502860183171,0.481441441441441
"9606.ENSP00000355046",82,0.00048803456191848,0.390963855421687,0.108434690869584,0.79390243902439
"9606.ENSP00000355279",18,3.17217068687143e-05,0.344297082228117,0.0489756397401526,0.666666666666667
"9606.ENSP00000355645",140,0.00606747116587177,0.475457875457875,0.287852474228509,0.288612836438923
"9606.ENSP00000355759",76,0.00194463092284031,0.457042253521127,0.200326208593222,0.34850640113798
"9606.ENSP00000355777",8,0.000125566466085427,0.355032822757112,0.0150352289173297,0
"9606.ENSP00000355930",14,0.000237322338851636,0.319547021171837,0.00183043377474372,0.285714285714286
"9606.ENSP00000356030",30,0.00152505140651877,0.366459627329193,0.0109196618393904,0.314285714285714
"9606.ENSP00000356042",96,0.00362789335327117,0.453846153846154,0.134041101038612,0.354609929078014
"9606.ENSP00000356194",26,0.00011884175594744,0.340325117986366,0.0187869077820068,0.782051282051282
"9606.ENSP00000356218",10,3.7546866125913e-05,0.323690773067332,0.00330563436987873,0.2
"9606.ENSP00000356520",132,0.0033244850421872,0.455119214586255,0.432629552540536,0.434965034965035
"9606.ENSP00000356729",14,0.000222290161832501,0.302705223880597,0.00104372345382416,0.285714285714286
"9606.ENSP00000356790",28,0.00482675738347218,0.370011402508552,0.0133931305638951,0.153846153846154
"9606.ENSP00000356905",2,0,0.331630045988758,0.00548682476881829,NA
"9606.ENSP00000357060",14,0.000759724483821747,0.353293413173653,0.00651412082596321,0.333333333333333
"9606.ENSP00000357283",98,0.00637386312622654,0.457686882933709,0.16701378268988,0.194727891156463
"9606.ENSP00000357360",30,0.00102613095741579,0.370011402508552,0.0233120851727032,0.476190476190476
"9606.ENSP00000357459",42,0.00206449932656504,0.378425655976676,0.0800737488265231,0.29047619047619
"9606.ENSP00000357516",60,0.00138942826528478,0.424183006535948,0.07013873372066,0.303448275862069
"9606.ENSP00000357583",6,3.89348491537049e-05,0.324175824175824,0.00195423488173097,0.333333333333333
"9606.ENSP00000357643",44,0.00113799534428128,0.425294888597641,0.0767702796772393,0.402597402597403
"9606.ENSP00000357791",8,1.36825241195565e-05,0.294598275079437,0.000756088179698733,0.666666666666667
"9606.ENSP00000357858",44,0.000333158043358093,0.379976580796253,0.115387429221483,0.346320346320346
"9606.ENSP00000357998",58,0.00120506087067615,0.401857585139319,0.0832574089520304,0.487684729064039
"9606.ENSP00000358414",34,0.00153949835452208,0.349488422186322,0.00990693712298131,0.367647058823529
"9606.ENSP00000358548",110,0.0110975367107716,0.461265103056148,0.12217367777913,0.206734006734007
"9606.ENSP00000358635",188,0.0028949294430483,0.461265103056148,0.812948301567799,0.569434911919469
"9606.ENSP00000358765",6,2.11042205416555e-05,0.303981264637002,0.00103421866911982,0.333333333333333
"9606.ENSP00000358866",98,0.00382839175815719,0.445435827041867,0.122601114220666,0.30187074829932
"9606.ENSP00000358867",54,0.00146294390076935,0.395973154362416,0.0314093079177647,0.512820512820513
"9606.ENSP00000358909",2,0,0.26457399103139,0.00016663562517425,NA
"9606.ENSP00000359233",26,0.00139979556755991,0.345212765957447,0.0062516132417673,0.282051282051282
"9606.ENSP00000359345",182,0.0015491074781295,0.463571428571429,0.842052764177969,0.645177045177045
"9606.ENSP00000359478",18,0.000489790368207484,0.37514450867052,0.0123750075386086,0.361111111111111
"9606.ENSP00000359581",10,6.1518235870028e-05,0.310823754789272,0.00135903080144729,0.3
"9606.ENSP00000359665",8,0.000119312632153764,0.333162217659138,0.00275528523526983,0.166666666666667
"9606.ENSP00000359727",38,0.000418698143258952,0.400370141887724,0.124359248924102,0.567251461988304
"9606.ENSP00000359925",14,0.000537055826159219,0.355227148330597,0.0141365955918622,0.142857142857143
"9606.ENSP00000359976",12,0.000256459558324511,0.372346528973035,0.0152946884181011,0.333333333333333
"9606.ENSP00000360021",60,0.00371796772878592,0.408690176322418,0.0755551341902112,0.436781609195402
"9606.ENSP00000360034",110,0.00202739116345296,0.406386975579211,0.508980867666026,0.652525252525253
"9606.ENSP00000360141",40,0.00131180596556934,0.387000596302922,0.0261653810182697,0.563157894736842
"9606.ENSP00000360609",252,0.0139097468421154,0.513449367088608,0.781170244935696,0.309460317460317
"9606.ENSP00000360671",96,0.00206721990044467,0.420609202851588,0.318385751840428,0.435283687943262
"9606.ENSP00000361076",172,0.000749411024130496,0.456399437412096,0.831841557070071,0.708891928864569
"9606.ENSP00000361207",12,9.51537374778458e-05,0.353485838779956,0.0192119990209734,0.2
"9606.ENSP00000361433",68,0.000142363475261785,0.385163204747774,0.276752121147974,0.602495543672014
"9606.ENSP00000361616",2,0,0.319075712881023,0.00222322436112924,NA
"9606.ENSP00000361635",140,0.0130128218021077,0.468253968253968,0.169114219411968,0.3648033126294
"9606.ENSP00000361824",56,0.00116773321602489,0.410759493670886,0.0471411393217829,0.378306878306878
"9606.ENSP00000361883",30,0.000100439087952886,0.381316098707403,0.0338164048338755,0.571428571428571
"9606.ENSP00000361949",82,0.000994497539262489,0.404865876481597,0.267741538687693,0.424390243902439
"9606.ENSP00000362413",144,0.00323117554391761,0.471314451706609,0.489408967906017,0.396322378716745
"9606.ENSP00000362513",8,8.75342280865457e-05,0.297025171624714,0.00110966654385333,0.333333333333333
"9606.ENSP00000362688",184,0.00132527234241376,0.457686882933709,0.868973655478916,0.661729574773053
"9606.ENSP00000362711",4,3.2366479670351e-05,0.307291666666667,0.00434190756061298,0
"9606.ENSP00000362744",188,0.00308943226763621,0.465232974910394,0.865073352838118,0.636925188743995
"9606.ENSP00000362873",104,0.000622707931493623,0.391908212560386,0.0890041028551408,0.729260935143288
"9606.ENSP00000362924",74,0.00454198144963185,0.427536231884058,0.0653376439994352,0.256756756756757
"9606.ENSP00000362931",28,0.00019694851378363,0.384934756820878,0.0941171171248332,0.461538461538462
"9606.ENSP00000363018",164,0.00155075776916768,0.446354883081155,0.806208203700643,0.738331827762722
"9606.ENSP00000363041",58,0.000875682017885746,0.380199179847686,0.0428398868381486,0.536945812807882
"9606.ENSP00000363054",30,0.00105171262142513,0.355811403508772,0.00677681583671969,0.361904761904762
"9606.ENSP00000363134",12,0.000597226961255049,0.361963190184049,0.00558623052157557,0.133333333333333
"9606.ENSP00000363313",20,5.02736884802574e-06,0.349112426035503,0.0688671899679098,0.822222222222222
"9606.ENSP00000363435",72,0.00594620106862712,0.449134948096886,0.0851782409887812,0.303174603174603
"9606.ENSP00000363478",6,6.4528577072719e-05,0.308460076045627,0.0118779526746487,0
"9606.ENSP00000363574",128,0.000289078117415734,0.425016371971185,0.645696607527779,0.787698412698413
"9606.ENSP00000363676",186,0.00273367845023383,0.469609261939219,0.862080808655975,0.638616175783076
"9606.ENSP00000363745",154,0.00115525544046712,0.448514167242571,0.674506055821956,0.614490772385509
"9606.ENSP00000363827",32,0.000680066273313947,0.365633802816901,0.0119999635411697,0.508333333333333
"9606.ENSP00000363836",4,1.03881279772159e-05,0.291161956034096,0.00126143178433553,0
"9606.ENSP00000363988",38,0.00258424173494935,0.407407407407407,0.0653204970286231,0.286549707602339
"9606.ENSP00000364034",18,4.15554843280046e-05,0.374927787406124,0.0292203861760119,0.805555555555556
"9606.ENSP00000364180",6,0,0.310823754789272,0.00183505407000553,1
"9606.ENSP00000364649",140,0.004367761112784,0.446969696969697,0.166424720466184,0.513043478260869
"9606.ENSP00000364802",118,0.0033160453991577,0.472343522561863,0.31539332943992,0.398012857977791
"9606.ENSP00000364805",72,0.00135705963797383,0.43970189701897,0.192343616943937,0.452380952380952
"9606.ENSP00000365233",14,7.97168541403038e-05,0.34375,0.0092226504081636,0.619047619047619
"9606.ENSP00000365402",28,0.00130495237193024,0.3683314415437,0.0201626401378331,0.384615384615385
"9606.ENSP00000365569",58,0.00178835411922591,0.437037037037037,0.0749482654496969,0.369458128078818
"9606.ENSP00000366800",32,0.000376086413470115,0.381092190252496,0.0601917388106654,0.433333333333333
"9606.ENSP00000366843",72,0.00134557994569941,0.415492957746479,0.17544030023824,0.46031746031746
"9606.ENSP00000367038",12,0.000150866307013454,0.348924731182796,0.00672417126162454,0.0666666666666667
"9606.ENSP00000367196",4,0,0.355616438356164,0.00626896181643082,1
"9606.ENSP00000367263",28,0.000472166257694635,0.393810679611651,0.0431581706886953,0.318681318681319
"9606.ENSP00000367265",18,0.00143505207179872,0.400370141887724,0.0294921243025792,0.166666666666667
"9606.ENSP00000367309",14,0.000220162745068428,0.349865229110512,0.00996239139097195,0.333333333333333
"9606.ENSP00000367408",12,0.0001798277174048,0.353871319520174,0.00622693749743655,0.133333333333333
"9606.ENSP00000367498",56,6.07717340739155e-05,0.377545084351367,0.291494375371478,0.91005291005291
"9606.ENSP00000367828",18,0.00111230293156666,0.356006582556226,0.0100679513316883,0.111111111111111
"9606.ENSP00000367851",30,0.00187390481349493,0.408176100628931,0.0345504093635715,0.247619047619048
"9606.ENSP00000367938",48,9.36121638700893e-05,0.348924731182796,0.0356920940330089,0.916666666666667
"9606.ENSP00000367939",130,0.0052372890934021,0.417363344051447,0.143984345331898,0.497596153846154
"9606.ENSP00000368030",36,0.000355131209639779,0.385163204747774,0.0489925068652837,0.392156862745098
"9606.ENSP00000368678",42,0.00163477961612403,0.39214501510574,0.0280727722049333,0.404761904761905
"9606.ENSP00000368752",78,0.00393037229750925,0.438513513513514,0.105311253370306,0.263157894736842
"9606.ENSP00000368767",6,7.05799412404904e-06,0.337669094693028,0.00594180266931185,0.333333333333333
"9606.ENSP00000369081",42,0.00073439527614433,0.411802030456853,0.0659690798860598,0.433333333333333
"9606.ENSP00000369127",76,0.000922510381844317,0.444520547945205,0.245024949551335,0.479374110953058
"9606.ENSP00000369129",48,0.000965055712209822,0.402106567534077,0.0322055511548238,0.33695652173913
"9606.ENSP00000369176",96,0.00086659982166345,0.379754242246928,0.0761825305548196,0.763297872340426
"9606.ENSP00000369757",200,0.00376426879154512,0.478613569321534,0.879739595515796,0.573333333333333
"9606.ENSP00000369948",18,0.000532623960110747,0.329274479959411,0.00225114791225705,0.166666666666667
"9606.ENSP00000370023",64,0.00281540096304762,0.425853018372703,0.0704993870198599,0.338709677419355
"9606.ENSP00000370745",88,0.000790409226050129,0.404613466334165,0.287252455544607,0.477801268498943
"9606.ENSP00000370867",20,0.000197688617560573,0.304694835680751,0.00212741424480598,0.4
"9606.ENSP00000371194",6,2.58701316311134e-05,0.327943405760485,0.00287289812720418,0
"9606.ENSP00000371905",6,1.33693928439375e-05,0.337142857142857,0.0072795535753236,0
"9606.ENSP00000371958",74,0.00249872414013482,0.446354883081155,0.112190372417683,0.370870870870871
"9606.ENSP00000373370",8,1.25054153883322e-05,0.290900941281936,0.000781030028728521,0.666666666666667
"9606.ENSP00000373487",48,0.0064883203955574,0.420881971465629,0.0540071218174417,0.329710144927536
"9606.ENSP00000374455",90,0.0084993670454775,0.467579250720461,0.199129518330632,0.280808080808081
"9606.ENSP00000375649",2,0,0.295134151887221,0.000639111121846366,NA
"9606.ENSP00000375836",44,0.00209621956001067,0.399630541871921,0.0814264001919996,0.238095238095238
"9606.ENSP00000375978",80,0.0016510735536533,0.423629242819843,0.227168440064154,0.425641025641026
"9606.ENSP00000376132",18,0.00404712987482308,0.377545084351367,0.0244220248035423,0.472222222222222
"9606.ENSP00000376178",28,0.00102370622853563,0.379088785046729,0.0202733149532757,0.307692307692308
"9606.ENSP00000376184",4,0,0.283035324901875,0.000358055273401565,1
"9606.ENSP00000376272",54,0.000952527906599976,0.391199517781796,0.144438294620038,0.287749287749288
"9606.ENSP00000376807",6,1.57498751019162e-05,0.311121764141898,0.00168240936398356,0.333333333333333
"9606.ENSP00000376822",10,0.000165521684970813,0.354451119606772,0.0120088332872845,0.2
"9606.ENSP00000376889",88,0.00612258344003467,0.434113712374582,0.349055542180124,0.474630021141649
"9606.ENSP00000376899",10,1.31760953253274e-06,0.333504624871531,0.00677565111968091,0.7
"9606.ENSP00000377508",48,0.00171563341365018,0.415492957746479,0.0448220921349936,0.278985507246377
"9606.ENSP00000377532",52,0.00133017128075272,0.418170103092784,0.0690302476178623,0.335384615384615
"9606.ENSP00000377681",124,0.00424704011607905,0.441797140912185,0.37488957360368,0.355896351136965
"9606.ENSP00000377771",4,0,0.318918918918919,0.00210187135975366,1
"9606.ENSP00000377941",76,0.00227533662085237,0.420336787564767,0.0725777098258495,0.349928876244666
"9606.ENSP00000378368",38,0.000972897075123905,0.416292495189224,0.046654936213423,0.35672514619883
"9606.ENSP00000378400",26,0.000431641194991191,0.385850178359096,0.0200335149504908,0.269230769230769
"9606.ENSP00000378483",22,0.000223383977736138,0.340503672612802,0.00690301735106776,0.418181818181818
"9606.ENSP00000378577",24,0.00341378876171439,0.39742804654011,0.0314244754980323,0.53030303030303
"9606.ENSP00000378725",12,6.62867266101647e-05,0.36875,0.0356332067428026,0.2
"9606.ENSP00000378769",52,0.00208034817908987,0.421428571428571,0.0817399548511793,0.286153846153846
"9606.ENSP00000378845",16,0.000329528971859816,0.362772498602571,0.0107530452634365,0.678571428571429
"9606.ENSP00000378917",32,0.000143410866120986,0.35896017699115,0.0591442218065648,0.591666666666667
"9606.ENSP00000379182",38,0.00126511824094022,0.393810679611651,0.112770968309639,0.391812865497076
"9606.ENSP00000379191",50,0.00151523061738875,0.387462686567164,0.0256314170695682,0.346666666666667
"9606.ENSP00000379287",138,0.0104975928086767,0.480384900074019,0.321011561576009,0.315004262574595
"9606.ENSP00000379350",146,0.0101787598531366,0.4609375,0.115448662902545,0.235540334855403
"9606.ENSP00000379506",162,0.00223093912775931,0.448514167242571,0.799746600505826,0.75
"9606.ENSP00000379512",24,0.000933885744072712,0.37256027554535,0.0148357221423213,0.212121212121212
"9606.ENSP00000379888",186,0.00196402040459855,0.455119214586255,0.855829200031873,0.639784946236559
"9606.ENSP00000380033",104,0.00400967793999656,0.409463722397476,0.319781547666972,0.440422322775264
"9606.ENSP00000381104",14,0.000623888757706772,0.333333333333333,0.00235921466469659,0.0952380952380952
"9606.ENSP00000381490",34,0.000376233858888501,0.378425655976676,0.0864461029422346,0.463235294117647
"9606.ENSP00000382004",56,0.00208003771902111,0.412587412587413,0.0505674370596353,0.251322751322751
"9606.ENSP00000382779",40,0.000946951160086368,0.396699266503667,0.072686455454284,0.347368421052632
"9606.ENSP00000382840",166,0.00500024609849462,0.458657243816254,0.563014768435938,0.397590361445783
"9606.ENSP00000384136",38,0.000631027165703202,0.407151819322459,0.0425286624669011,0.456140350877193
"9606.ENSP00000384886",10,4.70382054171037e-05,0.319232661091982,0.00256324616673211,0.4
"9606.ENSP00000385269",154,0.00444624246921777,0.456399437412096,0.599211762869623,0.519822282980178
"9606.ENSP00000385385",60,0.000760851986816413,0.422801302931596,0.121730052283113,0.554022988505747
"9606.ENSP00000385958",178,0.00441406657962012,0.450694444444444,0.79142391941245,0.609039836567926
"9606.ENSP00000387262",88,0.00186936552445931,0.424738219895288,0.116355940992088,0.457716701902748
"9606.ENSP00000388169",32,0.000179101639360276,0.399630541871921,0.0448089247255248,0.516666666666667
"9606.ENSP00000388325",24,6.00790724136527e-05,0.377764842840512,0.0245215721181539,0.712121212121212
"9606.ENSP00000389103",170,0.0012040028786847,0.451321279554937,0.786784182889007,0.657983193277311
"9606.ENSP00000389843",10,0.00025481888479248,0.338903394255875,0.0034473666071418,0.3
"9606.ENSP00000392094",206,0.00502079780350295,0.46893063583815,0.859296090754816,0.514563106796116
"9606.ENSP00000392330",74,0.0052766603593978,0.442701227830832,0.10634577089368,0.262762762762763
"9606.ENSP00000392709",126,0.00128360241364047,0.407919547454431,0.110897856256209,0.619047619047619
"9606.ENSP00000393557",18,0.00657267480670836,0.316276803118908,0.00140923450400122,0.111111111111111
"9606.ENSP00000394496",32,0.000133005938605108,0.391435464414958,0.0342259263198016,0.466666666666667
"9606.ENSP00000397157",20,0.000116207045684618,0.361358574610245,0.012161548893727,0.333333333333333
"9606.ENSP00000398597",36,6.87822590912844e-05,0.362772498602571,0.16067192507012,0.823529411764706
"9606.ENSP00000398632",110,0.00720172006364066,0.447895100069013,0.0861428807974997,0.262626262626263
"9606.ENSP00000398778",6,0.00016854421973125,0.300880853036625,0.00112157541529338,0
"9606.ENSP00000399168",30,0.000746756064756759,0.37256027554535,0.0238449465169933,0.361904761904762
"9606.ENSP00000399457",80,0.00319005822604575,0.424738219895288,0.097835167994153,0.405128205128205
"9606.ENSP00000400101",14,8.57706856135036e-05,0.338903394255875,0.0129362924593553,0.476190476190476
"9606.ENSP00000400467",192,0.00188780581081002,0.463902787705504,0.869603976299238,0.610964912280702
"9606.ENSP00000400717",32,0.000311145497730206,0.342480211081794,0.0106807564596243,0.558333333333333
"9606.ENSP00000401010",54,0.000627288084962356,0.416827231856134,0.0859510171594685,0.45014245014245
"9606.ENSP00000402060",6,1.96579452489439e-05,0.302000930665426,0.000716868910677893,0.333333333333333
"9606.ENSP00000402608",28,0.00126314865187908,0.395731707317073,0.0673927598558236,0.153846153846154
"9606.ENSP00000404121",140,0.00154256421047055,0.442399454669393,0.557533921378847,0.534989648033126
"9606.ENSP00000404381",32,0.00026336658236273,0.395249695493301,0.0743499686242602,0.566666666666667
"9606.ENSP00000404833",32,0.00073382302634109,0.371919770773639,0.0253140499599009,0.425
"9606.ENSP00000406261",20,0.000560376229873689,0.357378854625551,0.0159509580160854,0.155555555555556
"9606.ENSP00000410059",118,0.000834937955773829,0.420336787564767,0.575597749592735,0.771478667445938
"9606.ENSP00000410339",106,0.00321748535167388,0.43324432576769,0.190791165908955,0.378084179970972
"9606.ENSP00000410964",20,0.000858812242109686,0.382214369846879,0.0318959090290865,0.444444444444444
"9606.ENSP00000414398",56,0.000676147572846175,0.418170103092784,0.107327906942182,0.558201058201058
"9606.ENSP00000416293",58,0.006652127640991,0.451635351426583,0.0962278287245332,0.312807881773399
"9606.ENSP00000416706",22,3.8681781020414e-05,0.394528875379939,0.0487016472985896,0.527272727272727
"9606.ENSP00000417078",38,0.000126805666348807,0.371069182389937,0.109044388611804,0.567251461988304
"9606.ENSP00000417142",98,0.000441313677224777,0.386309523809524,0.0813528424354284,0.752551020408163
"9606.ENSP00000417175",42,0.00170366055886046,0.421428571428571,0.0717538500666447,0.257142857142857
"9606.ENSP00000417229",80,0.00046447171650044,0.405878674171357,0.368436585791487,0.688461538461538
"9606.ENSP00000418447",84,0.00243692953134757,0.448824343015214,0.248330078699688,0.361207897793264
"9606.ENSP00000418842",94,0.0011164007680302,0.388622754491018,0.0845054662321791,0.711378353376503
"9606.ENSP00000419425",92,0.0010218546755281,0.456720619282196,0.319630638660123,0.478260869565217
"9606.ENSP00000419970",24,0.00105211521929531,0.341938883034773,0.00523755825822088,0.272727272727273
"9606.ENSP00000420213",30,0.00260095222941012,0.370011402508552,0.0182241040800545,0.361904761904762
"9606.ENSP00000420494",6,0,0.301579925650558,0.00114788680462225,1
"9606.ENSP00000421226",4,0,0.267960363336086,0.000243621305203959,1
"9606.ENSP00000422607",46,0.00407779160866818,0.383343177790904,0.0173292874912931,0.276679841897233
"9606.ENSP00000428085",170,0.000831763426537544,0.451321279554937,0.821280264887257,0.708683473389356
"9606.ENSP00000428220",2,0,0.318762278978389,0.00261781414781059,NA
"9606.ENSP00000428780",2,0,0.284524331433582,0.00041311522890186,NA
"9606.ENSP00000428845",108,0.00208072604086628,0.44,0.141990474571301,0.422082459818309
"9606.ENSP00000428924",60,0.00529664119941848,0.428949107732981,0.0687906302258466,0.354022988505747
"9606.ENSP00000429374",184,0.000931957709195809,0.458009880028229,0.877275163869344,0.676063067367415
"9606.ENSP00000429931",116,0.000527084858511078,0.407919547454431,0.578922604955203,0.804597701149425
"9606.ENSP00000431800",146,0.00126158185393406,0.438513513513514,0.721531139547484,0.754185692541857
"9606.ENSP00000432083",306,0.0201498434338777,0.529363784665579,0.982257209722267,0.314241486068111
"9606.ENSP00000432568",24,0.000375406753714608,0.391671695835848,0.0226040983329299,0.378787878787879
"9606.ENSP00000432660",114,0.00352848578057711,0.462910128388017,0.177086364816121,0.31265664160401
"9606.ENSP00000432845",4,0,0.317514677103718,0.0119003943946696,1
"9606.ENSP00000433352",18,0.000229275268099564,0.333847736625514,0.00641932222521591,0.166666666666667
"9606.ENSP00000435777",196,0.00363750828966973,0.46893063583815,0.87412707811217,0.591836734693878
"9606.ENSP00000437271",12,1.13283207459225e-05,0.338020833333333,0.0352448047803393,0.8
"9606.ENSP00000439189",36,0.000140538479204635,0.402605459057072,0.089778974044449,0.411764705882353
"9606.ENSP00000440045",52,0.00260591831705041,0.435570469798658,0.0679507656314558,0.292307692307692
"9606.ENSP00000440689",38,0.00750548650484874,0.407151819322459,0.0436117456568518,0.280701754385965
"9606.ENSP00000440945",6,1.21790722346292e-05,0.335054207537429,0.00343143858539565,0
"9606.ENSP00000441875",110,0.00345460305791357,0.447277739490007,0.194354264360238,0.418855218855219
"9606.ENSP00000442600",48,0.00231810941379242,0.390258568851473,0.0350724363644208,0.38768115942029
"9606.ENSP00000443176",4,1.43583984059644e-06,0.332820512820513,0.0122428598047473,0
"9606.ENSP00000443631",40,0.00128166338331112,0.379976580796253,0.0200111586897019,0.352631578947368
"9606.ENSP00000444561",14,1.36085154082614e-06,0.31689453125,0.00963654746000016,0.857142857142857
"9606.ENSP00000445306",40,0.00544899612648654,0.427536231884058,0.0482732858221055,0.268421052631579
"9606.ENSP00000446007",72,0.00365774032857236,0.442098092643052,0.131532183340512,0.368253968253968
"9606.ENSP00000446242",26,0.000358972423664881,0.361358574610245,0.0217607424475567,0.423076923076923
"9606.ENSP00000447730",76,0.00289982475636776,0.442399454669393,0.104474186524459,0.384068278805121
"9606.ENSP00000448035",140,0.000122608616013307,0.4295168762409,0.731366743081913,0.830227743271222
"9606.ENSP00000448220",14,0.000391861864726988,0.353678474114441,0.00505842742021597,0.238095238095238
"9606.ENSP00000448517",10,0.000311417397345582,0.335227272727273,0.00463392371034542,0.1
"9606.ENSP00000449328",208,0.00258829442084058,0.479320531757755,0.916136655085282,0.566467513069455
"9606.ENSP00000449404",50,0.0035174675062276,0.425294888597641,0.0714818627217763,0.42
"9606.ENSP00000451406",8,8.21203846521408e-05,0.29486597001363,0.00128887433372228,0.333333333333333
"9606.ENSP00000452697",14,1.86034949351815e-05,0.346502936465563,0.0213239023193793,0.714285714285714
"9606.ENSP00000457411",32,0.000155398279778363,0.376887340301974,0.092323579628466,0.416666666666667
"9606.ENSP00000457513",152,0.00819050825758444,0.45930644019816,0.188150173106347,0.457543859649123
"9606.ENSP00000458162",188,0.012299401754024,0.495798319327731,0.417366822733828,0.277739647677877
"9606.ENSP00000462468",38,0.000594447755799074,0.404109589041096,0.0320510099803011,0.391812865497076
"9606.ENSP00000466298",20,2.79296037304016e-05,0.334019557385486,0.00402655783076032,0.8
"9606.ENSP00000466718",24,0.000141618791794159,0.354838709677419,0.0585831586869265,0.53030303030303
"9606.ENSP00000467141",62,0.00170625486713939,0.425294888597641,0.0698994527106099,0.318279569892473
"9606.ENSP00000470142",142,0.00248248135644553,0.43733153638814,0.529154511102156,0.474044265593561
"9606.ENSP00000470298",32,0.000408454984753337,0.399876771410967,0.0418278980193838,0.433333333333333
"9606.ENSP00000472985",190,0.00207184909727438,0.471314451706609,0.864449611308116,0.613885778275476
"9606.ENSP00000473172",140,0.00225193203634872,0.451635351426583,0.561891939331107,0.480745341614907
"9606.ENSP00000473383",120,0.00030439007578207,0.407919547454431,0.563735550388815,0.7045197740113
"9606.ENSP00000473990",14,0.000285047702858526,0.339257710402509,0.00468193357925165,0.285714285714286
"9606.ENSP00000474560",38,0.00072528777179653,0.392382103990326,0.0237791351051191,0.432748538011696
"9606.ENSP00000476767",38,0.000567562675770294,0.407151819322459,0.0931855645997984,0.269005847953216
"9606.ENSP00000478754",84,0.00178848926756211,0.410499683744466,0.243633337647362,0.435540069686411
"9606.ENSP00000478767",50,0.00116832285367395,0.415492957746479,0.0641114038983548,0.363333333333333
"9606.ENSP00000479488",244,0.0217556865876599,0.505845674201091,0.552800969050856,0.244682292372307
"9606.ENSP00000479606",126,0.0110163831810213,0.477557027225901,0.183582061770405,0.209933435739887
"9606.ENSP00000480004",24,0.0011212366790527,0.357182168409466,0.0102263182000975,0.257575757575758
"9606.ENSP00000480150",76,0.00319177615718757,0.427818061964403,0.1649329348814,0.477951635846373
"9606.ENSP00000480332",12,4.64424706643613e-05,0.336792942397509,0.0042562860295066,0.466666666666667
"9606.ENSP00000480514",44,0.0020106996876988,0.402355858648481,0.141616069887036,0.350649350649351
"9606.ENSP00000480821",8,4.68449484439696e-05,0.338549817423057,0.00425066620357559,0
"9606.ENSP00000481022",8,0.000120163327440845,0.298802946593002,0.000604700317107256,0.166666666666667
"9606.ENSP00000481301",4,0.000218322385346459,0.295671981776765,0.00253835670257538,0
"9606.ENSP00000481878",64,0.0021616090189568,0.399876771410967,0.07939878504359,0.389112903225806
"9606.ENSP00000484824",46,0.00453658260413836,0.415759128763613,0.0446682730219068,0.25296442687747
